cement,slag,flyash,water,Strength,superplasticizer,coarseaggregate,fineaggregate,age
540,0,0,162,79.99,2.5,1040,676,28
540,0,0,162,61.89,2.5,1055,676,28
332.5,142.5,0,228,40.27,0,932,594,270
332.5,142.5,0,228,41.05,0,932,594,365
198.6,132.4,0,192,44.3,0,978.4,825.5,360
266,114,0,228,47.03,0,932,670,90
380,95,0,228,43.7,0,932,594,365
380,95,0,228,36.45,0,932,594,28
266,114,0,228,45.85,0,932,670,28
475,0,0,228,39.29,0,932,594,28
198.6,132.4,0,192,38.07,0,978.4,825.5,90
198.6,132.4,0,192,28.02,0,978.4,825.5,28
427.5,47.5,0,228,43.01,0,932,594,270
190,190,0,228,42.33,0,932,670,90
304,76,0,228,47.81,0,932,670,28
380,0,0,228,52.91,0,932,670,90
139.6,209.4,0,192,39.36,0,1047,806.9,90
342,38,0,228,56.14,0,932,670,365
380,95,0,228,40.56,0,932,594,90
475,0,0,228,42.62,0,932,594,180
427.5,47.5,0,228,41.84,0,932,594,180
139.6,209.4,0,192,28.24,0,1047,806.9,28
139.6,209.4,0,192,8.06,0,1047,806.9,3
139.6,209.4,0,192,44.21,0,1047,806.9,180
380,0,0,228,52.52,0,932,670,365
380,0,0,228,53.3,0,932,670,270
380,95,0,228,41.15,0,932,594,270
342,38,0,228,52.12,0,932,670,180
427.5,47.5,0,228,37.43,0,932,594,28
475,0,0,228,38.6,0,932,594,7
304,76,0,228,55.26,0,932,670,365
266,114,0,228,52.91,0,932,670,365
198.6,132.4,0,192,41.72,0,978.4,825.5,180
475,0,0,228,42.13,0,932,594,270
190,190,0,228,53.69,0,932,670,365
237.5,237.5,0,228,38.41,0,932,594,270
237.5,237.5,0,228,30.08,0,932,594,28
332.5,142.5,0,228,37.72,0,932,594,90
475,0,0,228,42.23,0,932,594,90
237.5,237.5,0,228,36.25,0,932,594,180
342,38,0,228,50.46,0,932,670,90
427.5,47.5,0,228,43.7,0,932,594,365
237.5,237.5,0,228,39,0,932,594,365
380,0,0,228,53.1,0,932,670,180
427.5,47.5,0,228,41.54,0,932,594,90
427.5,47.5,0,228,35.08,0,932,594,7
349,0,0,192,15.05,0,1047,806.9,3
380,95,0,228,40.76,0,932,594,180
237.5,237.5,0,228,26.26,0,932,594,7
380,95,0,228,32.82,0,932,594,7
332.5,142.5,0,228,39.78,0,932,594,180
190,190,0,228,46.93,0,932,670,180
237.5,237.5,0,228,33.12,0,932,594,90
304,76,0,228,49.19,0,932,670,90
139.6,209.4,0,192,14.59,0,1047,806.9,7
198.6,132.4,0,192,14.64,0,978.4,825.5,7
475,0,0,228,41.93,0,932,594,365
198.6,132.4,0,192,9.13,0,978.4,825.5,3
304,76,0,228,50.95,0,932,670,180
332.5,142.5,0,228,33.02,0,932,594,28
304,76,0,228,54.38,0,932,670,270
266,114,0,228,51.73,0,932,670,270
310,0,0,192,9.87,0,971,850.6,3
190,190,0,228,50.66,0,932,670,270
266,114,0,228,48.7,0,932,670,180
342,38,0,228,55.06,0,932,670,270
139.6,209.4,0,192,44.7,0,1047,806.9,360
332.5,142.5,0,228,30.28,0,932,594,7
190,190,0,228,40.86,0,932,670,28
485,0,0,146,71.99,0,1120,800,28
374,189.2,0,170.1,34.4,10.1,926.1,756.7,3
313.3,262.2,0,175.5,28.8,8.6,1046.9,611.8,3
425,106.3,0,153.5,33.4,16.5,852.1,887.1,3
425,106.3,0,151.4,36.3,18.6,936,803.7,3
375,93.8,0,126.6,29,23.4,852.1,992.6,3
475,118.8,0,181.1,37.8,8.9,852.1,781.5,3
469,117.2,0,137.8,40.2,32.2,852.1,840.5,3
425,106.3,0,153.5,33.4,16.5,852.1,887.1,3
388.6,97.1,0,157.9,28.1,12.1,852.1,925.7,3
531.3,0,0,141.8,41.3,28.2,852.1,893.7,3
425,106.3,0,153.5,33.4,16.5,852.1,887.1,3
318.8,212.5,0,155.7,25.2,14.3,852.1,880.4,3
401.8,94.7,0,147.4,41.1,11.4,946.8,852.1,3
362.6,189,0,164.9,35.3,11.6,944.7,755.8,3
323.7,282.8,0,183.8,28.3,10.3,942.7,659.9,3
379.5,151.2,0,153.9,28.6,15.9,1134.3,605,3
362.6,189,0,164.9,35.3,11.6,944.7,755.8,3
286.3,200.9,0,144.7,24.4,11.2,1004.6,803.7,3
362.6,189,0,164.9,35.3,11.6,944.7,755.8,3
439,177,0,186,39.3,11.1,884.9,707.9,3
389.9,189,0,145.9,40.6,22,944.7,755.8,3
362.6,189,0,164.9,35.3,11.6,944.7,755.8,3
337.9,189,0,174.9,24.1,9.5,944.7,755.8,3
374,189.2,0,170.1,46.2,10.1,926.1,756.7,7
313.3,262.2,0,175.5,42.8,8.6,1046.9,611.8,7
425,106.3,0,153.5,49.2,16.5,852.1,887.1,7
425,106.3,0,151.4,46.8,18.6,936,803.7,7
375,93.8,0,126.6,45.7,23.4,852.1,992.6,7
475,118.8,0,181.1,55.6,8.9,852.1,781.5,7
469,117.2,0,137.8,54.9,32.2,852.1,840.5,7
425,106.3,0,153.5,49.2,16.5,852.1,887.1,7
388.6,97.1,0,157.9,34.9,12.1,852.1,925.7,7
531.3,0,0,141.8,46.9,28.2,852.1,893.7,7
425,106.3,0,153.5,49.2,16.5,852.1,887.1,7
318.8,212.5,0,155.7,33.4,14.3,852.1,880.4,7
401.8,94.7,0,147.4,54.1,11.4,946.8,852.1,7
362.6,189,0,164.9,55.9,11.6,944.7,755.8,7
323.7,282.8,0,183.8,49.8,10.3,942.7,659.9,7
379.5,151.2,0,153.9,47.1,15.9,1134.3,605,7
362.6,189,0,164.9,55.9,11.6,944.7,755.8,7
286.3,200.9,0,144.7,38,11.2,1004.6,803.7,7
362.6,189,0,164.9,55.9,11.6,944.7,755.8,7
439,177,0,186,56.1,11.1,884.9,707.9,7
389.9,189,0,145.9,59.09,22,944.7,755.8,7
362.6,189,0,164.9,22.9,11.6,944.7,755.8,7
337.9,189,0,174.9,35.1,9.5,944.7,755.8,7
374,189.2,0,170.1,61.09,10.1,926.1,756.7,28
313.3,262.2,0,175.5,59.8,8.6,1046.9,611.8,28
425,106.3,0,153.5,60.29,16.5,852.1,887.1,28
425,106.3,0,151.4,61.8,18.6,936,803.7,28
375,93.8,0,126.6,56.7,23.4,852.1,992.6,28
475,118.8,0,181.1,68.3,8.9,852.1,781.5,28
469,117.2,0,137.8,66.9,32.2,852.1,840.5,28
425,106.3,0,153.5,60.29,16.5,852.1,887.1,28
388.6,97.1,0,157.9,50.7,12.1,852.1,925.7,28
531.3,0,0,141.8,56.4,28.2,852.1,893.7,28
425,106.3,0,153.5,60.29,16.5,852.1,887.1,28
318.8,212.5,0,155.7,55.5,14.3,852.1,880.4,28
401.8,94.7,0,147.4,68.5,11.4,946.8,852.1,28
362.6,189,0,164.9,71.3,11.6,944.7,755.8,28
323.7,282.8,0,183.8,74.7,10.3,942.7,659.9,28
379.5,151.2,0,153.9,52.2,15.9,1134.3,605,28
362.6,189,0,164.9,71.3,11.6,944.7,755.8,28
286.3,200.9,0,144.7,67.7,11.2,1004.6,803.7,28
362.6,189,0,164.9,71.3,11.6,944.7,755.8,28
439,177,0,186,66,11.1,884.9,707.9,28
389.9,189,0,145.9,74.5,22,944.7,755.8,28
362.6,189,0,164.9,71.3,11.6,944.7,755.8,28
337.9,189,0,174.9,49.9,9.5,944.7,755.8,28
374,189.2,0,170.1,63.4,10.1,926.1,756.7,56
313.3,262.2,0,175.5,64.9,8.6,1046.9,611.8,56
425,106.3,0,153.5,64.3,16.5,852.1,887.1,56
425,106.3,0,151.4,64.9,18.6,936,803.7,56
375,93.8,0,126.6,60.2,23.4,852.1,992.6,56
475,118.8,0,181.1,72.3,8.9,852.1,781.5,56
469,117.2,0,137.8,69.3,32.2,852.1,840.5,56
425,106.3,0,153.5,64.3,16.5,852.1,887.1,56
388.6,97.1,0,157.9,55.2,12.1,852.1,925.7,56
531.3,0,0,141.8,58.8,28.2,852.1,893.7,56
425,106.3,0,153.5,64.3,16.5,852.1,887.1,56
318.8,212.5,0,155.7,66.1,14.3,852.1,880.4,56
401.8,94.7,0,147.4,73.7,11.4,946.8,852.1,56
362.6,189,0,164.9,77.3,11.6,944.7,755.8,56
323.7,282.8,0,183.8,80.2,10.3,942.7,659.9,56
379.5,151.2,0,153.9,54.9,15.9,1134.3,605,56
362.6,189,0,164.9,77.3,11.6,944.7,755.8,56
286.3,200.9,0,144.7,72.99,11.2,1004.6,803.7,56
362.6,189,0,164.9,77.3,11.6,944.7,755.8,56
439,177,0,186,71.7,11.1,884.9,707.9,56
389.9,189,0,145.9,79.4,22,944.7,755.8,56
362.6,189,0,164.9,77.3,11.6,944.7,755.8,56
337.9,189,0,174.9,59.89,9.5,944.7,755.8,56
374,189.2,0,170.1,64.9,10.1,926.1,756.7,91
313.3,262.2,0,175.5,66.6,8.6,1046.9,611.8,91
425,106.3,0,153.5,65.2,16.5,852.1,887.1,91
425,106.3,0,151.4,66.7,18.6,936,803.7,91
375,93.8,0,126.6,62.5,23.4,852.1,992.6,91
475,118.8,0,181.1,74.19,8.9,852.1,781.5,91
469,117.2,0,137.8,70.7,32.2,852.1,840.5,91
425,106.3,0,153.5,65.2,16.5,852.1,887.1,91
388.6,97.1,0,157.9,57.6,12.1,852.1,925.7,91
531.3,0,0,141.8,59.2,28.2,852.1,893.7,91
425,106.3,0,153.5,65.2,16.5,852.1,887.1,91
318.8,212.5,0,155.7,68.1,14.3,852.1,880.4,91
401.8,94.7,0,147.4,75.5,11.4,946.8,852.1,91
362.6,189,0,164.9,79.3,11.6,944.7,755.8,91
379.5,151.2,0,153.9,56.5,15.9,1134.3,605,91
362.6,189,0,164.9,79.3,11.6,944.7,755.8,91
286.3,200.9,0,144.7,76.8,11.2,1004.6,803.7,91
362.6,189,0,164.9,79.3,11.6,944.7,755.8,91
439,177,0,186,73.3,11.1,884.9,707.9,91
389.9,189,0,145.9,82.6,22,944.7,755.8,91
362.6,189,0,164.9,79.3,11.6,944.7,755.8,91
337.9,189,0,174.9,67.8,9.5,944.7,755.8,91
222.4,0,96.7,189.3,11.58,4.5,967.1,870.3,3
222.4,0,96.7,189.3,24.45,4.5,967.1,870.3,14
222.4,0,96.7,189.3,24.89,4.5,967.1,870.3,28
222.4,0,96.7,189.3,29.45,4.5,967.1,870.3,56
222.4,0,96.7,189.3,40.71,4.5,967.1,870.3,100
233.8,0,94.6,197.9,10.38,4.6,947,852.2,3
233.8,0,94.6,197.9,22.14,4.6,947,852.2,14
233.8,0,94.6,197.9,22.84,4.6,947,852.2,28
233.8,0,94.6,197.9,27.66,4.6,947,852.2,56
233.8,0,94.6,197.9,34.56,4.6,947,852.2,100
194.7,0,100.5,165.6,12.45,7.5,1006.4,905.9,3
194.7,0,100.5,165.6,24.99,7.5,1006.4,905.9,14
194.7,0,100.5,165.6,25.72,7.5,1006.4,905.9,28
194.7,0,100.5,165.6,33.96,7.5,1006.4,905.9,56
194.7,0,100.5,165.6,37.34,7.5,1006.4,905.9,100
190.7,0,125.4,162.1,15.04,7.8,1090,804,3
190.7,0,125.4,162.1,21.06,7.8,1090,804,14
190.7,0,125.4,162.1,26.4,7.8,1090,804,28
190.7,0,125.4,162.1,35.34,7.8,1090,804,56
190.7,0,125.4,162.1,40.57,7.8,1090,804,100
212.1,0,121.6,180.3,12.47,5.7,1057.6,779.3,3
212.1,0,121.6,180.3,20.92,5.7,1057.6,779.3,14
212.1,0,121.6,180.3,24.9,5.7,1057.6,779.3,28
212.1,0,121.6,180.3,34.2,5.7,1057.6,779.3,56
212.1,0,121.6,180.3,39.61,5.7,1057.6,779.3,100
230,0,118.3,195.5,10.03,4.6,1029.4,758.6,3
230,0,118.3,195.5,20.08,4.6,1029.4,758.6,14
230,0,118.3,195.5,24.48,4.6,1029.4,758.6,28
230,0,118.3,195.5,31.54,4.6,1029.4,758.6,56
230,0,118.3,195.5,35.34,4.6,1029.4,758.6,100
190.3,0,125.2,161.9,9.45,9.9,1088.1,802.6,3
190.3,0,125.2,161.9,22.72,9.9,1088.1,802.6,14
190.3,0,125.2,161.9,28.47,9.9,1088.1,802.6,28
190.3,0,125.2,161.9,38.56,9.9,1088.1,802.6,56
190.3,0,125.2,161.9,40.39,9.9,1088.1,802.6,100
166.1,0,163.3,176.5,10.76,4.5,1058.6,780.1,3
166.1,0,163.3,176.5,25.48,4.5,1058.6,780.1,14
166.1,0,163.3,176.5,21.54,4.5,1058.6,780.1,28
166.1,0,163.3,176.5,28.63,4.5,1058.6,780.1,56
166.1,0,163.3,176.5,33.54,4.5,1058.6,780.1,100
168,42.1,163.8,121.8,7.75,5.7,1058.7,780.1,3
168,42.1,163.8,121.8,17.82,5.7,1058.7,780.1,14
168,42.1,163.8,121.8,24.24,5.7,1058.7,780.1,28
168,42.1,163.8,121.8,32.85,5.7,1058.7,780.1,56
168,42.1,163.8,121.8,39.23,5.7,1058.7,780.1,100
213.7,98.1,24.5,181.7,18,6.9,1065.8,785.4,3
213.7,98.1,24.5,181.7,30.39,6.9,1065.8,785.4,14
213.7,98.1,24.5,181.7,45.71,6.9,1065.8,785.4,28
213.7,98.1,24.5,181.7,50.77,6.9,1065.8,785.4,56
213.7,98.1,24.5,181.7,53.9,6.9,1065.8,785.4,100
213.8,98.1,24.5,181.7,13.18,6.7,1066,785.5,3
213.8,98.1,24.5,181.7,17.84,6.7,1066,785.5,14
213.8,98.1,24.5,181.7,40.23,6.7,1066,785.5,28
213.8,98.1,24.5,181.7,47.13,6.7,1066,785.5,56
213.8,98.1,24.5,181.7,49.97,6.7,1066,785.5,100
229.7,0,118.2,195.2,13.36,6.1,1028.1,757.6,3
229.7,0,118.2,195.2,22.32,6.1,1028.1,757.6,14
229.7,0,118.2,195.2,24.54,6.1,1028.1,757.6,28
229.7,0,118.2,195.2,31.35,6.1,1028.1,757.6,56
229.7,0,118.2,195.2,40.86,6.1,1028.1,757.6,100
238.1,0,94.1,186.7,19.93,7,949.9,847,3
238.1,0,94.1,186.7,25.69,7,949.9,847,14
238.1,0,94.1,186.7,30.23,7,949.9,847,28
238.1,0,94.1,186.7,39.59,7,949.9,847,56
238.1,0,94.1,186.7,44.3,7,949.9,847,100
250,0,95.7,187.4,13.82,5.5,956.9,861.2,3
250,0,95.7,187.4,24.92,5.5,956.9,861.2,14
250,0,95.7,187.4,29.22,5.5,956.9,861.2,28
250,0,95.7,187.4,38.33,5.5,956.9,861.2,56
250,0,95.7,187.4,42.35,5.5,956.9,861.2,100
212.5,0,100.4,159.3,13.54,8.7,1007.8,903.6,3
212.5,0,100.4,159.3,26.31,8.7,1007.8,903.6,14
212.5,0,100.4,159.3,31.64,8.7,1007.8,903.6,28
212.5,0,100.4,159.3,42.55,8.7,1007.8,903.6,56
212.5,0,100.4,159.3,42.92,8.7,1007.8,903.6,100
212.6,0,100.4,159.4,13.33,10.4,1003.8,903.8,3
212.6,0,100.4,159.4,25.37,10.4,1003.8,903.8,14
212.6,0,100.4,159.4,37.4,10.4,1003.8,903.8,28
212.6,0,100.4,159.4,44.4,10.4,1003.8,903.8,56
212.6,0,100.4,159.4,47.74,10.4,1003.8,903.8,100
212,0,124.8,159,19.52,7.8,1085.4,799.5,3
212,0,124.8,159,31.35,7.8,1085.4,799.5,14
212,0,124.8,159,38.5,7.8,1085.4,799.5,28
212,0,124.8,159,45.08,7.8,1085.4,799.5,56
212,0,124.8,159,47.82,7.8,1085.4,799.5,100
231.8,0,121.6,174,15.44,6.7,1056.4,778.5,3
231.8,0,121.6,174,26.77,6.7,1056.4,778.5,14
231.8,0,121.6,174,33.73,6.7,1056.4,778.5,28
231.8,0,121.6,174,42.7,6.7,1056.4,778.5,56
231.8,0,121.6,174,45.84,6.7,1056.4,778.5,100
251.4,0,118.3,188.5,17.22,5.8,1028.4,757.7,3
251.4,0,118.3,188.5,29.93,5.8,1028.4,757.7,14
251.4,0,118.3,188.5,29.65,5.8,1028.4,757.7,28
251.4,0,118.3,188.5,36.97,5.8,1028.4,757.7,56
251.4,0,118.3,188.5,43.58,5.8,1028.4,757.7,100
251.4,0,118.3,188.5,13.12,6.4,1028.4,757.7,3
251.4,0,118.3,188.5,24.43,6.4,1028.4,757.7,14
251.4,0,118.3,188.5,32.66,6.4,1028.4,757.7,28
251.4,0,118.3,188.5,36.64,6.4,1028.4,757.7,56
251.4,0,118.3,188.5,44.21,6.4,1028.4,757.7,100
181.4,0,167,169.6,13.62,7.6,1055.6,777.8,3
181.4,0,167,169.6,21.6,7.6,1055.6,777.8,14
181.4,0,167,169.6,27.77,7.6,1055.6,777.8,28
181.4,0,167,169.6,35.57,7.6,1055.6,777.8,56
181.4,0,167,169.6,45.37,7.6,1055.6,777.8,100
182,45.2,122,170.2,7.32,8.2,1059.4,780.7,3
182,45.2,122,170.2,21.5,8.2,1059.4,780.7,14
182,45.2,122,170.2,31.27,8.2,1059.4,780.7,28
182,45.2,122,170.2,43.5,8.2,1059.4,780.7,56
182,45.2,122,170.2,48.67,8.2,1059.4,780.7,100
168.9,42.2,124.3,158.3,7.4,10.8,1080.8,796.2,3
168.9,42.2,124.3,158.3,23.51,10.8,1080.8,796.2,14
168.9,42.2,124.3,158.3,31.12,10.8,1080.8,796.2,28
168.9,42.2,124.3,158.3,39.15,10.8,1080.8,796.2,56
168.9,42.2,124.3,158.3,48.15,10.8,1080.8,796.2,100
290.4,0,96.2,168.1,22.5,9.4,961.2,865,3
290.4,0,96.2,168.1,34.67,9.4,961.2,865,14
290.4,0,96.2,168.1,34.74,9.4,961.2,865,28
290.4,0,96.2,168.1,45.08,9.4,961.2,865,56
290.4,0,96.2,168.1,48.97,9.4,961.2,865,100
277.1,0,97.4,160.6,23.14,11.8,973.9,875.6,3
277.1,0,97.4,160.6,41.89,11.8,973.9,875.6,14
277.1,0,97.4,160.6,48.28,11.8,973.9,875.6,28
277.1,0,97.4,160.6,51.04,11.8,973.9,875.6,56
277.1,0,97.4,160.6,55.64,11.8,973.9,875.6,100
295.7,0,95.6,171.5,22.95,8.9,955.1,859.2,3
295.7,0,95.6,171.5,35.23,8.9,955.1,859.2,14
295.7,0,95.6,171.5,39.94,8.9,955.1,859.2,28
295.7,0,95.6,171.5,48.72,8.9,955.1,859.2,56
295.7,0,95.6,171.5,52.04,8.9,955.1,859.2,100
251.8,0,99.9,146.1,21.02,12.4,1006,899.8,3
251.8,0,99.9,146.1,33.36,12.4,1006,899.8,14
251.8,0,99.9,146.1,33.94,12.4,1006,899.8,28
251.8,0,99.9,146.1,44.14,12.4,1006,899.8,56
251.8,0,99.9,146.1,45.37,12.4,1006,899.8,100
249.1,0,98.8,158.1,15.36,12.8,987.8,889,3
249.1,0,98.8,158.1,28.68,12.8,987.8,889,14
249.1,0,98.8,158.1,30.85,12.8,987.8,889,28
249.1,0,98.8,158.1,42.03,12.8,987.8,889,56
249.1,0,98.8,158.1,51.06,12.8,987.8,889,100
252.3,0,98.8,146.3,21.78,14.2,987.8,889,3
252.3,0,98.8,146.3,42.29,14.2,987.8,889,14
252.3,0,98.8,146.3,50.6,14.2,987.8,889,28
252.3,0,98.8,146.3,55.83,14.2,987.8,889,56
252.3,0,98.8,146.3,60.95,14.2,987.8,889,100
246.8,0,125.1,143.3,23.52,12,1086.8,800.9,3
246.8,0,125.1,143.3,42.22,12,1086.8,800.9,14
246.8,0,125.1,143.3,52.5,12,1086.8,800.9,28
246.8,0,125.1,143.3,60.32,12,1086.8,800.9,56
246.8,0,125.1,143.3,66.42,12,1086.8,800.9,100
275.1,0,121.4,159.5,23.8,9.9,1053.6,777.5,3
275.1,0,121.4,159.5,38.77,9.9,1053.6,777.5,14
275.1,0,121.4,159.5,51.33,9.9,1053.6,777.5,28
275.1,0,121.4,159.5,56.85,9.9,1053.6,777.5,56
275.1,0,121.4,159.5,58.61,9.9,1053.6,777.5,100
297.2,0,117.5,174.8,21.91,9.5,1022.8,753.5,3
297.2,0,117.5,174.8,36.99,9.5,1022.8,753.5,14
297.2,0,117.5,174.8,47.4,9.5,1022.8,753.5,28
297.2,0,117.5,174.8,51.96,9.5,1022.8,753.5,56
297.2,0,117.5,174.8,56.74,9.5,1022.8,753.5,100
213.7,0,174.7,154.8,17.57,10.2,1053.5,776.4,3
213.7,0,174.7,154.8,33.73,10.2,1053.5,776.4,14
213.7,0,174.7,154.8,40.15,10.2,1053.5,776.4,28
213.7,0,174.7,154.8,46.64,10.2,1053.5,776.4,56
213.7,0,174.7,154.8,50.08,10.2,1053.5,776.4,100
213.5,0,174.2,154.6,17.37,11.7,1052.3,775.5,3
213.5,0,174.2,154.6,33.7,11.7,1052.3,775.5,14
213.5,0,174.2,154.6,45.94,11.7,1052.3,775.5,28
213.5,0,174.2,154.6,51.43,11.7,1052.3,775.5,56
213.5,0,174.2,154.6,59.3,11.7,1052.3,775.5,100
277.2,97.8,24.5,160.7,30.45,11.2,1061.7,782.5,3
277.2,97.8,24.5,160.7,47.71,11.2,1061.7,782.5,14
277.2,97.8,24.5,160.7,63.14,11.2,1061.7,782.5,28
277.2,97.8,24.5,160.7,66.82,11.2,1061.7,782.5,56
277.2,97.8,24.5,160.7,66.95,11.2,1061.7,782.5,100
218.2,54.6,123.8,140.8,27.42,11.9,1075.7,792.7,3
218.2,54.6,123.8,140.8,35.96,11.9,1075.7,792.7,14
218.2,54.6,123.8,140.8,55.51,11.9,1075.7,792.7,28
218.2,54.6,123.8,140.8,61.99,11.9,1075.7,792.7,56
218.2,54.6,123.8,140.8,63.53,11.9,1075.7,792.7,100
214.9,53.8,121.9,155.6,18.02,9.6,1014.3,780.6,3
214.9,53.8,121.9,155.6,38.6,9.6,1014.3,780.6,14
214.9,53.8,121.9,155.6,52.2,9.6,1014.3,780.6,28
214.9,53.8,121.9,155.6,53.96,9.6,1014.3,780.6,56
214.9,53.8,121.9,155.6,56.63,9.6,1014.3,780.6,100
218.9,0,124.1,158.5,15.34,11.3,1078.7,794.9,3
218.9,0,124.1,158.5,26.05,11.3,1078.7,794.9,14
218.9,0,124.1,158.5,30.22,11.3,1078.7,794.9,28
218.9,0,124.1,158.5,37.27,11.3,1078.7,794.9,56
218.9,0,124.1,158.5,46.23,11.3,1078.7,794.9,100
376,0,0,214.6,16.28,0,1003.5,762.4,3
376,0,0,214.6,25.62,0,1003.5,762.4,14
376,0,0,214.6,31.97,0,1003.5,762.4,28
376,0,0,214.6,36.3,0,1003.5,762.4,56
376,0,0,214.6,43.06,0,1003.5,762.4,100
500,0,0,140,67.57,4,966,853,28
475,0,59,142,57.23,1.9,1098,641,28
315,137,0,145,81.75,5.9,1130,745,28
505,0,60,195,64.02,0,1030,630,28
451,0,0,165,78.8,11.3,1030,745,28
516,0,0,162,41.37,8.2,801,802,28
520,0,0,170,60.28,5.2,855,855,28
528,0,0,185,56.83,6.9,920,720,28
520,0,0,175,51.02,5.2,870,805,28
385,0,136,158,55.55,20,903,768,28
500.1,0,0,200,44.13,3,1124.4,613.2,28
450.1,50,0,200,39.38,3,1124.4,613.2,28
397,17.2,158,167,55.65,20.8,967,633,28
333,17.5,163,167,47.28,17.9,996,652,28
334,17.6,158,189,44.33,15.3,967,633,28
405,0,0,175,52.3,0,1120,695,28
200,200,0,190,49.25,0,1145,660,28
516,0,0,162,41.37,8.3,801,802,28
145,116,119,184,29.16,5.7,833,880,28
160,128,122,182,39.4,6.4,824,879,28
234,156,0,189,39.3,5.9,981,760,28
250,180,95,159,67.87,9.5,860,800,28
475,0,0,162,58.52,9.5,1044,662,28
285,190,0,163,53.58,7.6,1031,685,28
356,119,0,160,59,9,1061,657,28
275,180,120,162,76.24,10.4,830,765,28
500,0,0,151,69.84,9,1033,655,28
165,0,143.6,163.8,14.4,0,1005.6,900.9,3
165,128.5,132.1,175.1,19.42,8.1,1005.8,746.6,3
178,129.8,118.6,179.9,20.73,3.6,1007.3,746.8,3
167.4,129.9,128.6,175.5,14.94,7.8,1006.3,746.6,3
172.4,13.6,172.4,156.8,21.29,4.1,1006.3,856.4,3
173.5,50.1,173.5,164.8,23.08,6.5,1006.2,793.5,3
167,75.4,167,164,15.52,7.9,1007.3,770.1,3
173.8,93.4,159.9,172.3,15.82,9.7,1007.2,746.6,3
190.3,0,125.2,166.6,12.55,9.9,1079,798.9,3
250,0,95.7,191.8,8.49,5.3,948.9,857.2,3
213.5,0,174.2,159.2,15.61,11.7,1043.6,771.9,3
194.7,0,100.5,170.2,12.18,7.5,998,901.8,3
251.4,0,118.3,192.9,11.98,5.8,1043.6,754.3,3
165,0,143.6,163.8,16.88,0,1005.6,900.9,14
165,128.5,132.1,175.1,33.09,8.1,1005.8,746.6,14
178,129.8,118.6,179.9,34.24,3.6,1007.3,746.8,14
167.4,129.9,128.6,175.5,31.81,7.8,1006.3,746.6,14
172.4,13.6,172.4,156.8,29.75,4.1,1006.3,856.4,14
173.5,50.1,173.5,164.8,33.01,6.5,1006.2,793.5,14
167,75.4,167,164,32.9,7.9,1007.3,770.1,14
173.8,93.4,159.9,172.3,29.55,9.7,1007.2,746.6,14
190.3,0,125.2,166.6,19.42,9.9,1079,798.9,14
250,0,95.7,191.8,24.66,5.3,948.9,857.2,14
213.5,0,174.2,159.2,29.59,11.7,1043.6,771.9,14
194.7,0,100.5,170.2,24.28,7.5,998,901.8,14
251.4,0,118.3,192.9,20.73,5.8,1043.6,754.3,14
165,0,143.6,163.8,26.2,0,1005.6,900.9,28
165,128.5,132.1,175.1,46.39,8.1,1005.8,746.6,28
178,129.8,118.6,179.9,39.16,3.6,1007.3,746.8,28
167.4,129.9,128.6,175.5,41.2,7.8,1006.3,746.6,28
172.4,13.6,172.4,156.8,33.69,4.1,1006.3,856.4,28
173.5,50.1,173.5,164.8,38.2,6.5,1006.2,793.5,28
167,75.4,167,164,41.41,7.9,1007.3,770.1,28
173.8,93.4,159.9,172.3,37.81,9.7,1007.2,746.6,28
190.3,0,125.2,166.6,24.85,9.9,1079,798.9,28
250,0,95.7,191.8,27.22,5.3,948.9,857.2,28
213.5,0,174.2,159.2,44.64,11.7,1043.6,771.9,28
194.7,0,100.5,170.2,37.27,7.5,998,901.8,28
251.4,0,118.3,192.9,33.27,5.8,1043.6,754.3,28
165,0,143.6,163.8,36.56,0,1005.6,900.9,56
165,128.5,132.1,175.1,53.72,8.1,1005.8,746.6,56
178,129.8,118.6,179.9,48.59,3.6,1007.3,746.8,56
167.4,129.9,128.6,175.5,51.72,7.8,1006.3,746.6,56
172.4,13.6,172.4,156.8,35.85,4.1,1006.3,856.4,56
173.5,50.1,173.5,164.8,53.77,6.5,1006.2,793.5,56
167,75.4,167,164,53.46,7.9,1007.3,770.1,56
173.8,93.4,159.9,172.3,48.99,9.7,1007.2,746.6,56
190.3,0,125.2,166.6,31.72,9.9,1079,798.9,56
250,0,95.7,191.8,39.64,5.3,948.9,857.2,56
213.5,0,174.2,159.2,51.26,11.7,1043.6,771.9,56
194.7,0,100.5,170.2,43.39,7.5,998,901.8,56
251.4,0,118.3,192.9,39.27,5.8,1043.6,754.3,56
165,0,143.6,163.8,37.96,0,1005.6,900.9,100
165,128.5,132.1,175.1,55.02,8.1,1005.8,746.6,100
178,129.8,118.6,179.9,49.99,3.6,1007.3,746.8,100
167.4,129.9,128.6,175.5,53.66,7.8,1006.3,746.6,100
172.4,13.6,172.4,156.8,37.68,4.1,1006.3,856.4,100
173.5,50.1,173.5,164.8,56.06,6.5,1006.2,793.5,100
167,75.4,167,164,56.81,7.9,1007.3,770.1,100
173.8,93.4,159.9,172.3,50.94,9.7,1007.2,746.6,100
190.3,0,125.2,166.6,33.56,9.9,1079,798.9,100
250,0,95.7,191.8,41.16,5.3,948.9,857.2,100
213.5,0,174.2,159.2,52.96,11.7,1043.6,771.9,100
194.7,0,100.5,170.2,44.28,7.5,998,901.8,100
251.4,0,118.3,192.9,40.15,5.8,1043.6,754.3,100
446,24,79,162,57.03,11.6,967,712,28
446,24,79,162,44.42,11.6,967,712,28
446,24,79,162,51.02,11.6,967,712,28
446,24,79,162,53.39,10.3,967,712,28
446,24,79,162,35.36,11.6,967,712,3
446,24,79,162,25.02,11.6,967,712,3
446,24,79,162,23.35,11.6,967,712,3
446,24,79,162,52.01,11.6,967,712,7
446,24,79,162,38.02,11.6,967,712,7
446,24,79,162,39.3,11.6,967,712,7
446,24,79,162,61.07,11.6,967,712,56
446,24,79,162,56.14,11.6,967,712,56
446,24,79,162,55.25,11.6,967,712,56
446,24,79,162,54.77,10.3,967,712,56
387,20,94,157,50.24,14.3,938,845,28
387,20,94,157,46.68,13.9,938,845,28
387,20,94,157,46.68,11.6,938,845,28
387,20,94,157,22.75,14.3,938,845,3
387,20,94,157,25.51,13.9,938,845,3
387,20,94,157,34.77,11.6,938,845,3
387,20,94,157,36.84,14.3,938,845,7
387,20,94,157,45.9,13.9,938,845,7
387,20,94,157,41.67,11.6,938,845,7
387,20,94,157,56.34,14.3,938,845,56
387,20,94,157,47.97,13.9,938,845,56
387,20,94,157,61.46,11.6,938,845,56
355,19,97,145,44.03,13.1,967,871,28
355,19,97,145,55.45,12.3,967,871,28
491,26,123,210,55.55,3.9,882,699,28
491,26,123,201,57.92,3.9,822,699,28
491,26,123,210,25.61,3.9,882,699,3
491,26,123,210,33.49,3.9,882,699,7
491,26,123,210,59.59,3.9,882,699,56
491,26,123,201,29.55,3.9,822,699,3
491,26,123,201,37.92,3.9,822,699,7
491,26,123,201,61.86,3.9,822,699,56
424,22,132,178,62.05,8.5,822,750,28
424,22,132,178,32.01,8.5,882,750,3
424,22,132,168,72.1,8.9,822,750,28
424,22,132,178,39,8.5,822,750,7
424,22,132,178,65.7,8.5,822,750,56
424,22,132,168,32.11,8.9,822,750,3
424,22,132,168,40.29,8.9,822,750,7
424,22,132,168,74.36,8.9,822,750,56
202,11,141,206,21.97,1.7,942,801,28
202,11,141,206,9.85,1.7,942,801,3
202,11,141,206,15.07,1.7,942,801,7
202,11,141,206,23.25,1.7,942,801,56
284,15,141,179,43.73,5.5,842,801,28
284,15,141,179,13.4,5.5,842,801,3
284,15,141,179,24.13,5.5,842,801,7
284,15,141,179,44.52,5.5,842,801,56
359,19,141,154,62.94,10.9,942,801,28
359,19,141,154,59.49,10.9,942,801,28
359,19,141,154,25.12,10.9,942,801,3
359,19,141,154,23.64,10.9,942,801,3
359,19,141,154,35.75,10.9,942,801,7
359,19,141,154,38.61,10.9,942,801,7
359,19,141,154,68.75,10.9,942,801,56
359,19,141,154,66.78,10.9,942,801,56
436,0,0,218,23.85,0,838.4,719.7,28
289,0,0,192,32.07,0,913.2,895.3,90
289,0,0,192,11.65,0,913.2,895.3,3
393,0,0,192,19.2,0,940.6,785.6,3
393,0,0,192,48.85,0,940.6,785.6,90
393,0,0,192,39.6,0,940.6,785.6,28
480,0,0,192,43.94,0,936.2,712.2,28
480,0,0,192,34.57,0,936.2,712.2,7
480,0,0,192,54.32,0,936.2,712.2,90
480,0,0,192,24.4,0,936.2,712.2,3
333,0,0,192,15.62,0,931.2,842.6,3
255,0,0,192,21.86,0,889.8,945,90
255,0,0,192,10.22,0,889.8,945,7
289,0,0,192,14.6,0,913.2,895.3,7
255,0,0,192,18.75,0,889.8,945,28
333,0,0,192,31.97,0,931.2,842.6,28
333,0,0,192,23.4,0,931.2,842.6,7
289,0,0,192,25.57,0,913.2,895.3,28
333,0,0,192,41.68,0,931.2,842.6,90
393,0,0,192,27.74,0,940.6,785.6,7
255,0,0,192,8.2,0,889.8,945,3
158.8,238.2,0,185.7,9.62,0,1040.6,734.3,7
239.6,359.4,0,185.7,25.42,0,941.6,664.3,7
238.2,158.8,0,185.7,15.69,0,1040.6,734.3,7
181.9,272.8,0,185.7,27.94,0,1012.4,714.3,28
193.5,290.2,0,185.7,32.63,0,998.2,704.3,28
255.5,170.3,0,185.7,17.24,0,1026.6,724.3,7
272.8,181.9,0,185.7,19.77,0,1012.4,714.3,7
239.6,359.4,0,185.7,39.44,0,941.6,664.3,28
220.8,147.2,0,185.7,25.75,0,1055,744.3,28
397,0,0,185.7,33.08,0,1040.6,734.3,28
382.5,0,0,185.7,24.07,0,1047.8,739.3,7
210.7,316.1,0,185.7,21.82,0,977,689.3,7
158.8,238.2,0,185.7,21.07,0,1040.6,734.3,28
295.8,0,0,185.7,14.84,0,1091.4,769.3,7
255.5,170.3,0,185.7,32.05,0,1026.6,724.3,28
203.5,135.7,0,185.7,11.96,0,1076.2,759.3,7
397,0,0,185.7,25.45,0,1040.6,734.3,7
381.4,0,0,185.7,22.49,0,1104.6,784.3,28
295.8,0,0,185.7,25.22,0,1091.4,769.3,28
228,342.1,0,185.7,39.7,0,955.8,674.3,28
220.8,147.2,0,185.7,13.09,0,1055,744.3,7
316.1,210.7,0,185.7,38.7,0,977,689.3,28
135.7,203.5,0,185.7,7.51,0,1076.2,759.3,7
238.1,0,0,185.7,17.58,0,1118.8,789.3,28
339.2,0,0,185.7,21.18,0,1069.2,754.3,7
135.7,203.5,0,185.7,18.2,0,1076.2,759.3,28
193.5,290.2,0,185.7,17.2,0,998.2,704.3,7
203.5,135.7,0,185.7,22.63,0,1076.2,759.3,28
290.2,193.5,0,185.7,21.86,0,998.2,704.3,7
181.9,272.8,0,185.7,12.37,0,1012.4,714.3,7
170.3,155.5,0,185.7,25.73,0,1026.6,724.3,28
210.7,316.1,0,185.7,37.81,0,977,689.3,28
228,342.1,0,185.7,21.92,0,955.8,674.3,7
290.2,193.5,0,185.7,33.04,0,998.2,704.3,28
381.4,0,0,185.7,14.54,0,1104.6,784.3,7
238.2,158.8,0,185.7,26.91,0,1040.6,734.3,28
186.2,124.1,0,185.7,8,0,1083.4,764.3,7
339.2,0,0,185.7,31.9,0,1069.2,754.3,28
238.1,0,0,185.7,10.34,0,1118.8,789.3,7
252.5,0,0,185.7,19.77,0,1111.6,784.3,28
382.5,0,0,185.7,37.44,0,1047.8,739.3,28
252.5,0,0,185.7,11.48,0,1111.6,784.3,7
316.1,210.7,0,185.7,24.44,0,977,689.3,7
186.2,124.1,0,185.7,17.6,0,1083.4,764.3,28
170.3,155.5,0,185.7,10.73,0,1026.6,724.3,7
272.8,181.9,0,185.7,31.38,0,1012.4,714.3,28
339,0,0,197,13.22,0,968,781,3
339,0,0,197,20.97,0,968,781,7
339,0,0,197,27.04,0,968,781,14
339,0,0,197,32.04,0,968,781,28
339,0,0,197,35.17,0,968,781,90
339,0,0,197,36.45,0,968,781,180
339,0,0,197,38.89,0,968,781,365
236,0,0,194,6.47,0,968,885,3
236,0,0,194,12.84,0,968,885,14
236,0,0,194,18.42,0,968,885,28
236,0,0,194,21.95,0,968,885,90
236,0,0,193,24.1,0,968,885,180
236,0,0,193,25.08,0,968,885,365
277,0,0,191,21.26,0,968,856,14
277,0,0,191,25.97,0,968,856,28
277,0,0,191,11.36,0,968,856,3
277,0,0,191,31.25,0,968,856,90
277,0,0,191,32.33,0,968,856,180
277,0,0,191,33.7,0,968,856,360
254,0,0,198,9.31,0,968,863,3
254,0,0,198,26.94,0,968,863,90
254,0,0,198,27.63,0,968,863,180
254,0,0,198,29.79,0,968,863,365
307,0,0,193,34.49,0,968,812,180
307,0,0,193,36.15,0,968,812,365
307,0,0,193,12.54,0,968,812,3
307,0,0,193,27.53,0,968,812,28
307,0,0,193,32.92,0,968,812,90
236,0,0,193,9.99,0,968,885,7
200,0,0,180,7.84,0,1125,845,7
200,0,0,180,12.25,0,1125,845,28
225,0,0,181,11.17,0,1113,833,7
225,0,0,181,17.34,0,1113,833,28
325,0,0,184,17.54,0,1063,783,7
325,0,0,184,30.57,0,1063,783,28
275,0,0,183,14.2,0,1088,808,7
275,0,0,183,24.5,0,1088,808,28
300,0,0,184,15.58,0,1075,795,7
300,0,0,184,26.85,0,1075,795,28
375,0,0,186,26.06,0,1038,758,7
375,0,0,186,38.21,0,1038,758,28
400,0,0,187,43.7,0,1025,745,28
400,0,0,187,30.14,0,1025,745,7
250,0,0,182,12.73,0,1100,820,7
250,0,0,182,20.87,0,1100,820,28
350,0,0,186,20.28,0,1050,770,7
350,0,0,186,34.29,0,1050,770,28
203.5,305.3,0,203.5,19.54,0,963.4,630,7
250.2,166.8,0,203.5,47.71,0,977.6,694.1,90
157,236,0,192,43.38,0,935.4,781.2,90
141.3,212,0,203.5,29.89,0,971.8,748.5,28
166.8,250.2,0,203.5,6.9,0,975.6,692.6,3
122.6,183.9,0,203.5,33.19,0,958.2,800.1,90
183.9,122.6,0,203.5,4.9,0,959.2,800,3
102,153,0,192,4.57,0,887,942,3
102,153,0,192,25.46,0,887,942,90
122.6,183.9,0,203.5,24.29,0,958.2,800.1,28
166.8,250.2,0,203.5,33.95,0,975.6,692.6,28
200,133,0,192,11.41,0,965.4,806.2,3
108.3,162.4,0,203.5,20.59,0,938.2,849,28
305.3,203.5,0,203.5,25.89,0,965.4,631,7
108.3,162.4,0,203.5,29.23,0,938.2,849,90
116,173,0,192,31.02,0,909.8,891.9,90
141.3,212,0,203.5,10.39,0,971.8,748.5,7
157,236,0,192,33.66,0,935.4,781.2,28
133,200,0,192,27.87,0,927.4,839.2,28
250.2,166.8,0,203.5,19.35,0,977.6,694.1,7
173,116,0,192,11.39,0,946.8,856.8,7
192,288,0,192,12.79,0,929.8,716.1,3
192,288,0,192,39.32,0,929.8,716.1,28
153,102,0,192,4.78,0,888,943.1,3
288,192,0,192,16.11,0,932,717.8,3
305.3,203.5,0,203.5,43.38,0,965.4,631,28
236,157,0,192,20.42,0,972.6,749.1,7
173,116,0,192,6.94,0,946.8,856.8,3
212,141.3,0,203.5,15.03,0,973.4,750,7
236,157,0,192,13.57,0,972.6,749.1,3
183.9,122.6,0,203.5,32.53,0,959.2,800,90
166.8,250.2,0,203.5,15.75,0,975.6,692.6,7
102,153,0,192,7.68,0,887,942,7
288,192,0,192,38.8,0,932,717.8,28
212,141.3,0,203.5,33,0,973.4,750,28
102,153,0,192,17.28,0,887,942,28
173,116,0,192,24.28,0,946.8,856.8,28
183.9,122.6,0,203.5,24.05,0,959.2,800,28
133,200,0,192,36.59,0,927.4,839.2,90
192,288,0,192,50.73,0,929.8,716.1,90
133,200,0,192,13.66,0,927.4,839.2,7
305.3,203.5,0,203.5,14.14,0,965.4,631,3
236,157,0,192,47.78,0,972.6,749.1,90
108.3,162.4,0,203.5,2.33,0,938.2,849,3
157,236,0,192,16.89,0,935.4,781.2,7
288,192,0,192,23.52,0,932,717.8,7
212,141.3,0,203.5,6.81,0,973.4,750,3
212,141.3,0,203.5,39.7,0,973.4,750,90
153,102,0,192,17.96,0,888,943.1,28
236,157,0,192,32.88,0,972.6,749.1,28
116,173,0,192,22.35,0,909.8,891.9,28
183.9,122.6,0,203.5,10.79,0,959.2,800,7
108.3,162.4,0,203.5,7.72,0,938.2,849,7
203.5,305.3,0,203.5,41.68,0,963.4,630,28
203.5,305.3,0,203.5,9.56,0,963.4,630,3
133,200,0,192,6.88,0,927.4,839.2,3
288,192,0,192,50.53,0,932,717.8,90
200,133,0,192,17.17,0,965.4,806.2,7
200,133,0,192,30.44,0,965.4,806.2,28
250.2,166.8,0,203.5,9.73,0,977.6,694.1,3
122.6,183.9,0,203.5,3.32,0,958.2,800.1,3
153,102,0,192,26.32,0,888,943.1,90
200,133,0,192,43.25,0,965.4,806.2,90
116,173,0,192,6.28,0,909.8,891.9,3
173,116,0,192,32.1,0,946.8,856.8,90
250.2,166.8,0,203.5,36.96,0,977.6,694.1,28
305.3,203.5,0,203.5,54.6,0,965.4,631,90
192,288,0,192,21.48,0,929.8,716.1,7
157,236,0,192,9.69,0,935.4,781.2,3
153,102,0,192,8.37,0,888,943.1,7
141.3,212,0,203.5,39.66,0,971.8,748.5,90
116,173,0,192,10.09,0,909.8,891.9,7
141.3,212,0,203.5,4.83,0,971.8,748.5,3
122.6,183.9,0,203.5,10.35,0,958.2,800.1,7
166.8,250.2,0,203.5,43.57,0,975.6,692.6,90
203.5,305.3,0,203.5,51.86,0,963.4,630,90
310,0,0,192,11.85,0,1012,830,3
310,0,0,192,17.24,0,1012,830,7
310,0,0,192,27.83,0,1012,830,28
310,0,0,192,35.76,0,1012,830,90
310,0,0,192,38.7,0,1012,830,120
331,0,0,192,14.31,0,1025,821,3
331,0,0,192,17.44,0,1025,821,7
331,0,0,192,31.74,0,1025,821,28
331,0,0,192,37.91,0,1025,821,90
331,0,0,192,39.38,0,1025,821,120
349,0,0,192,15.87,0,1056,809,3
349,0,0,192,9.01,0,1056,809,7
349,0,0,192,33.61,0,1056,809,28
349,0,0,192,40.66,0,1056,809,90
349,0,0,192,40.86,0,1056,809,120
238,0,0,186,12.05,0,1119,789,7
238,0,0,186,17.54,0,1119,789,28
296,0,0,186,18.91,0,1090,769,7
296,0,0,186,25.18,0,1090,769,28
297,0,0,186,30.96,0,1040,734,7
480,0,0,192,43.89,0,936,721,28
480,0,0,192,54.28,0,936,721,90
397,0,0,186,36.94,0,1040,734,28
281,0,0,186,14.5,0,1104,774,7
281,0,0,185,22.44,0,1104,774,28
500,0,0,200,12.64,0,1125,613,1
500,0,0,200,26.06,0,1125,613,3
500,0,0,200,33.21,0,1125,613,7
500,0,0,200,36.94,0,1125,613,14
500,0,0,200,44.09,0,1125,613,28
540,0,0,173,52.61,0,1125,613,7
540,0,0,173,59.76,0,1125,613,14
540,0,0,173,67.31,0,1125,613,28
540,0,0,173,69.66,0,1125,613,90
540,0,0,173,71.62,0,1125,613,180
540,0,0,173,74.17,0,1125,613,270
350,0,0,203,18.13,0,974,775,7
350,0,0,203,22.53,0,974,775,14
350,0,0,203,27.34,0,974,775,28
350,0,0,203,29.98,0,974,775,56
350,0,0,203,31.35,0,974,775,90
350,0,0,203,32.72,0,974,775,180
385,0,0,186,6.27,0,966,763,1
385,0,0,186,14.7,0,966,763,3
385,0,0,186,23.22,0,966,763,7
385,0,0,186,27.92,0,966,763,14
385,0,0,186,31.35,0,966,763,28
331,0,0,192,39,0,978,825,180
331,0,0,192,41.24,0,978,825,360
349,0,0,192,14.99,0,1047,806,3
331,0,0,192,13.52,0,978,825,3
382,0,0,186,24,0,1047,739,7
382,0,0,186,37.42,0,1047,739,28
382,0,0,186,11.47,0,1111,784,7
281,0,0,186,22.44,0,1104,774,28
339,0,0,185,21.16,0,1069,754,7
339,0,0,185,31.84,0,1069,754,28
295,0,0,185,14.8,0,1069,769,7
295,0,0,185,25.18,0,1069,769,28
238,0,0,185,17.54,0,1118,789,28
296,0,0,192,14.2,0,1085,765,7
296,0,0,192,21.65,0,1085,765,28
296,0,0,192,29.39,0,1085,765,90
331,0,0,192,13.52,0,879,825,3
331,0,0,192,16.26,0,978,825,7
331,0,0,192,31.45,0,978,825,28
331,0,0,192,37.23,0,978,825,90
349,0,0,192,18.13,0,1047,806,7
349,0,0,192,32.72,0,1047,806,28
349,0,0,192,39.49,0,1047,806,90
349,0,0,192,41.05,0,1047,806,180
349,0,0,192,42.13,0,1047,806,360
302,0,0,203,18.13,0,974,817,14
302,0,0,203,26.74,0,974,817,180
525,0,0,189,61.92,0,1125,613,180
500,0,0,200,47.22,0,1125,613,90
500,0,0,200,51.04,0,1125,613,180
500,0,0,200,55.16,0,1125,613,270
540,0,0,173,41.64,0,1125,613,3
252,0,0,185,13.71,0,1111,784,7
252,0,0,185,19.69,0,1111,784,28
339,0,0,185,31.65,0,1060,754,28
393,0,0,192,19.11,0,940,758,3
393,0,0,192,39.58,0,940,758,28
393,0,0,192,48.79,0,940,758,90
382,0,0,185,24,0,1047,739,7
382,0,0,185,37.42,0,1047,739,28
252,0,0,186,11.47,0,1111,784,7
252,0,0,185,19.69,0,1111,784,28
310,0,0,192,14.99,0,970,850,7
310,0,0,192,27.92,0,970,850,28
310,0,0,192,34.68,0,970,850,90
310,0,0,192,37.33,0,970,850,180
310,0,0,192,38.11,0,970,850,360
525,0,0,189,33.8,0,1125,613,3
525,0,0,189,42.42,0,1125,613,7
525,0,0,189,48.4,0,1125,613,14
525,0,0,189,55.94,0,1125,613,28
525,0,0,189,58.78,0,1125,613,90
525,0,0,189,67.11,0,1125,613,270
322,0,0,203,20.77,0,974,800,14
322,0,0,203,25.18,0,974,800,28
322,0,0,203,29.59,0,974,800,180
302,0,0,203,21.75,0,974,817,28
397,0,0,185,39.09,0,1040,734,28
480,0,0,192,24.39,0,936,721,3
522,0,0,146,50.51,0,896,896,7
522,0,0,146,74.99,0,896,896,28
273,105,82,210,37.17,9,904,680,28
162,190,148,179,33.76,19,838,741,28
154,144,112,220,16.5,10,923,658,28
147,115,89,202,19.99,9,860,829,28
152,178,139,168,36.35,18,944,695,28
310,143,111,168,33.69,22,914,651,28
144,0,175,158,15.42,18,943,844,28
304,140,0,214,33.42,6,895,722,28
374,0,0,190,39.05,7,1013,730,28
159,149,116,175,27.68,15,953,720,28
153,239,0,200,26.86,6,1002,684,28
310,143,0,168,45.3,10,914,804,28
305,0,100,196,30.12,10,959,705,28
151,0,184,167,15.57,12,991,772,28
142,167,130,174,44.61,11,883,785,28
298,137,107,201,53.52,6,878,655,28
321,164,0,190,57.21,5,870,774,28
366,187,0,191,65.91,7,824,757,28
280,129,100,172,52.82,9,825,805,28
252,97,76,194,33.4,8,835,821,28
165,0,150,182,18.03,12,1023,729,28
156,243,0,180,37.36,11,1022,698,28
160,188,146,203,32.84,11,829,710,28
298,0,107,186,42.64,6,879,815,28
318,0,126,210,40.06,6,861,737,28
287,121,94,188,41.94,9,904,696,28
326,166,0,174,61.23,9,882,790,28
356,0,142,193,40.87,11,801,778,28
132,207,161,179,33.3,5,867,736,28
322,149,0,186,52.42,8,951,709,28
164,0,200,181,15.09,13,849,846,28
314,0,113,170,38.46,10,925,783,28
321,0,128,182,37.26,11,870,780,28
140,164,128,237,35.23,6,869,656,28
288,121,0,177,42.13,7,908,829,28
298,0,107,210,31.87,11,880,744,28
265,111,86,195,41.54,6,833,790,28
160,250,0,168,39.45,12,1049,688,28
166,260,0,183,37.91,13,859,827,28
276,116,90,180,44.28,9,870,768,28
322,0,116,196,31.18,10,818,813,28
149,139,109,193,23.69,6,892,780,28
159,187,0,176,32.76,11,990,789,28
261,100,78,201,32.4,9,864,761,28
237,92,71,247,28.63,6,853,695,28
313,0,113,178,36.8,8,1002,689,28
155,183,0,193,18.28,9,1047,697,28
146,230,0,202,33.06,3,827,872,28
296,0,107,221,31.42,11,819,778,28
133,210,0,196,31.03,3,949,795,28
313,145,0,178,44.39,8,867,824,28
152,0,112,184,12.18,8,992,816,28
153,145,113,178,25.56,8,1002,689,28
140,133,103,200,36.44,7,916,753,28
149,236,0,176,32.96,13,847,893,28
300,0,120,212,23.84,10,878,728,28
153,145,113,178,26.23,8,867,824,28
148,0,137,158,17.95,16,1002,830,28
326,0,138,199,40.68,11,801,792,28
153,145,0,178,19.01,8,1000,822,28
262,111,86,195,33.72,5,895,733,28
158,0,195,220,8.54,11,898,713,28
151,0,185,167,13.46,16,1074,678,28
273,0,90,199,32.24,11,931,762,28
149,118,92,183,23.52,7,953,780,28
143,169,143,191,29.72,8,967,643,28
260,101,78,171,49.77,10,936,763,28
313,161,0,178,52.44,10,917,759,28
284,120,0,168,40.93,7,970,794,28
336,0,0,182,44.86,3,986,817,28
145,0,134,181,13.2,11,979,812,28
150,237,0,174,37.43,12,1069,675,28
144,170,133,192,29.87,8,814,805,28
331,170,0,195,56.61,8,811,802,28
155,0,143,193,12.46,9,1047,697,28
155,183,0,193,23.79,9,877,868,28
135,0,166,180,13.29,10,961,805,28
266,112,87,178,39.42,10,910,745,28
314,145,113,179,46.23,8,869,690,28
313,145,0,127,44.52,8,1000,822,28
146,173,0,182,23.74,3,986,817,28
144,136,106,178,26.14,7,941,774,28
148,0,182,181,15.52,15,839,884,28
277,117,91,191,43.57,7,946,666,28
298,0,107,164,35.86,13,953,784,28
313,145,0,178,41.05,8,1002,689,28
155,184,143,194,28.99,9,880,699,28
289,134,0,195,46.24,6,924,760,28
148,175,0,171,26.92,2,1000,828,28
145,0,179,202,10.54,8,824,869,28
313,0,0,178,25.1,8,1000,822,28
136,162,126,172,29.07,10,923,764,28
155,0,143,193,9.74,9,877,868,28
255,99,77,189,33.8,6,919,749,28
162,207,172,216,39.84,10,822,638,28
136,196,98,199,26.97,6,847,783,28
164,163,128,197,27.23,8,961,641,28
162,214,164,202,30.65,10,820,680,28
157,214,152,200,33.05,9,819,704,28
149,153,194,192,24.58,8,935,623,28
135,105,193,196,21.91,6,965,643,28
159,209,161,201,30.88,7,848,669,28
144,15,195,176,15.34,6,1021,709,28
154,174,185,228,24.34,7,845,612,28
167,187,195,185,23.89,7,898,636,28
184,86,190,213,22.93,6,923,623,28
156,178,187,221,29.41,7,854,614,28
236.9,91.7,71.5,246.9,28.63,6,852.9,695.4,28
313.3,0,113,178.5,36.8,8,1001.9,688.7,28
154.8,183.4,0,193.3,18.29,9.1,1047.4,696.7,28
145.9,230.5,0,202.5,32.72,3.4,827,871.8,28
296,0,106.7,221.4,31.42,10.5,819.2,778.4,28
133.1,210.2,0,195.7,28.94,3.1,949.4,795.3,28
313.3,145,0,178.5,40.93,8,867.2,824,28
151.6,0,111.9,184.4,12.18,7.9,992,815.9,28
153.1,145,113,178.5,25.56,8,1001.9,688.7,28
139.9,132.6,103.3,200.3,36.44,7.4,916,753.4,28
149.5,236,0,175.8,32.96,12.6,846.8,892.7,28
299.8,0,119.8,211.5,23.84,9.9,878.2,727.6,28
153.1,145,113,178.5,26.23,8,867.2,824,28
148.1,0,136.6,158.1,17.96,16.1,1001.8,830.1,28
326.5,0,137.9,199,38.63,10.8,801.1,792.5,28
152.7,144.7,0,178.1,19.01,8,999.7,822.2,28
261.9,110.5,86.1,195.4,33.72,5,895.2,732.6,28
158.4,0,194.9,219.7,8.54,11,897.7,712.9,28
150.7,0,185.3,166.7,13.46,15.6,1074.5,678,28
272.6,0,89.6,198.7,32.25,10.6,931.3,762.2,28
149,117.6,91.7,182.9,23.52,7.1,953.4,780.3,28
143,169.4,142.7,190.7,29.73,8.4,967.4,643.5,28
259.9,100.6,78.4,170.6,49.77,10.4,935.7,762.9,28
312.9,160.5,0,177.6,52.45,9.6,916.6,759.5,28
284,119.7,0,168.3,40.93,7.2,970.4,794.2,28
336.5,0,0,181.9,44.87,3.4,985.8,816.8,28
144.8,0,133.6,180.8,13.2,11.1,979.5,811.5,28
150,236.8,0,173.8,37.43,11.9,1069.3,674.8,28
143.7,170.2,132.6,191.6,29.87,8.5,814.1,805.3,28
330.5,169.6,0,194.9,56.62,8.1,811,802.3,28
154.8,0,142.8,193.3,12.46,9.1,1047.4,696.7,28
154.8,183.4,0,193.3,23.79,9.1,877.2,867.7,28
134.7,0,165.7,180.2,13.29,10,961,804.9,28
266.2,112.3,87.5,177.9,39.42,10.4,909.7,744.5,28
314,145.3,113.2,178.9,46.23,8,869.1,690.2,28
312.7,144.7,0,127.3,44.52,8,999.7,822.2,28
145.7,172.6,0,181.9,23.74,3.4,985.8,816.8,28
143.8,136.3,106.2,178.1,26.15,7.5,941.5,774.3,28
148.1,0,182.1,181.4,15.53,15,838.9,884.3,28
277,116.8,91,190.6,43.58,7,946.5,665.6,28
298.1,0,107.5,163.6,35.87,12.8,953.2,784,28
313.3,145,0,178.5,41.05,8,1001.9,688.7,28
155.2,183.9,143.2,193.8,28.99,9.2,879.6,698.5,28
289,133.7,0,194.9,46.25,5.5,924.1,760.1,28
147.8,175.1,0,171.2,26.92,2.2,1000,828.5,28
145.4,0,178.9,201.7,10.54,7.8,824,868.7,28
312.7,0,0,178.1,25.1,8,999.7,822.2,28
136.4,161.6,125.8,171.6,29.07,10.4,922.6,764.4,28
154.8,0,142.8,193.3,9.74,9.1,877.2,867.7,28
255.3,98.8,77,188.6,33.8,6.5,919,749.3,28
272.8,105.1,81.8,209.7,37.17,9,904,679.7,28
162,190.1,148.1,178.8,33.76,18.8,838.1,741.4,28
153.6,144.2,112.3,220.1,16.5,10.1,923.2,657.9,28
146.5,114.6,89.3,201.9,19.99,8.8,860,829.5,28
151.8,178.1,138.7,167.5,36.35,18.3,944,694.6,28
309.9,142.8,111.2,167.8,38.22,22.1,913.9,651.2,28
143.6,0,174.9,158.4,15.42,17.9,942.7,844.5,28
303.6,139.9,0,213.5,33.42,6.2,895.5,722.5,28
374.3,0,0,190.2,39.06,6.7,1013.2,730.4,28
158.6,148.9,116,175.1,27.68,15,953.3,719.7,28
152.6,238.7,0,200,26.86,6.3,1001.8,683.9,28
310,142.8,0,167.9,45.3,10,914.3,804,28
304.8,0,99.6,196,30.12,9.8,959.4,705.2,28
150.9,0,183.9,166.6,15.57,11.6,991.2,772.2,28
141.9,166.6,129.7,173.5,44.61,10.9,882.6,785.3,28
297.8,137.2,106.9,201.3,53.52,6,878.4,655.3,28
321.3,164.2,0,190.5,57.22,4.6,870,774,28
366,187,0,191.3,65.91,6.6,824.3,756.9,28
279.8,128.9,100.4,172.4,52.83,9.5,825.1,804.9,28
252.1,97.1,75.6,193.8,33.4,8.3,835.5,821.4,28
164.6,0,150.4,181.6,18.03,11.7,1023.3,728.9,28
155.6,243.5,0,180.3,37.36,10.7,1022,697.7,28
160.2,188,146.4,203.2,35.31,11.3,828.7,709.7,28
298.1,0,107,186.4,42.64,6.1,879,815.2,28
317.9,0,126.5,209.7,40.06,5.7,860.5,736.6,28
287.3,120.5,93.9,187.6,43.8,9.2,904.4,695.9,28
325.6,166.4,0,174,61.24,8.9,881.6,790,28
355.9,0,141.6,193.3,40.87,11,801.4,778.4,28
132,206.5,160.9,178.9,33.31,5.5,866.9,735.6,28
322.5,148.6,0,185.8,52.43,8.5,951,709.5,28
164.2,0,200.1,181.2,15.09,12.6,849.3,846,28
313.8,0,112.6,169.9,38.46,10.1,925.3,782.9,28
321.4,0,127.9,182.5,37.27,11.5,870.1,779.7,28
139.7,163.9,127.7,236.7,35.23,5.8,868.6,655.6,28
288.4,121,0,177.4,42.14,7,907.9,829.5,28
298.2,0,107,209.7,31.88,11.1,879.6,744.2,28
264.5,111,86.5,195.5,41.54,5.9,832.6,790.4,28
159.8,250,0,168.4,39.46,12.2,1049.3,688.2,28
166,259.7,0,183.2,37.92,12.7,858.8,826.8,28
276.4,116,90.3,179.6,44.28,8.9,870.1,768.3,28
322.2,0,115.6,196,31.18,10.4,817.9,813.4,28
148.5,139.4,108.6,192.7,23.7,6.1,892.4,780,28
159.1,186.7,0,175.6,32.77,11.3,989.6,788.9,28
260.9,100.5,78.3,200.6,32.4,8.6,864.5,761.5,28
